Name;B1;B11;B12;B2;B3;B4;B5;B6;B7;B8;B8A;B9;real;ppn;svm;tree;lr;forest;knn;ac;k_means
pin_581;0.0179;0.1419;0.0649;0.0107;0.0366;0.0162;0.0792;0.2428;0.27;0.2524;0.2882;0.3182;4;4;4;4;4;4;4;4;4
pin_1017;0.0583;0.1817;0.1319;0.0437;0.0722;0.0729;0.1232;0.1935;0.2185;0.2846;0.2203;0.2661;9;9;9;9;9;9;9;9;9
pin_762;0.0249;0.4275;0.3277;0.0312;0.0445;0.0872;0.1099;0.1309;0.157;0.1934;0.2089;0.2066;6;6;6;6;6;6;6;6;6
pin_687;0.0661;0.3801;0.381;0.1672;0.2252;0.292;0.3067;0.318;0.3322;0.3482;0.3317;0.2855;5;5;5;5;5;5;5;5;5
pin_187;0.0088;0.0048;0.0044;0.0062;0.0057;0.0066;0.0065;0.0029;0.0039;0.0037;0.0039;0.003;2;2;2;2;2;2;2;10;10
pin_482;0.0207;0.1843;0.0877;0.0212;0.0549;0.0237;0.1106;0.3137;0.3576;0.3852;0.3915;0.3441;4;4;4;4;4;4;4;4;4
pin_6;0.0862;0.2384;0.2387;0.1682;0.1858;0.2054;0.202;0.2112;0.2121;0.2188;0.2075;0.239;1;1;1;1;1;1;1;5;5
pin_318;0.0227;0.1422;0.0803;0.0204;0.0373;0.0325;0.0718;0.1393;0.1558;0.171;0.1745;0.1804;3;3;3;3;3;3;3;3;3
pin_403;0.0214;0.1436;0.0903;0.023;0.0428;0.0387;0.0743;0.1358;0.1505;0.1666;0.1702;0.1729;3;6;3;3;3;3;3;3;3
pin_248;0.0091;0.0052;0.0041;0.0056;0.0063;0.007;0.0051;0.0032;0.0036;0.0031;0.0035;0.0031;2;2;2;2;2;2;2;10;10
pin_999;0.0631;0.1281;0.1049;0.0392;0.0371;0.0411;0.0757;0.0989;0.0941;0.0695;0.1032;0.2105;7;7;7;7;7;7;7;3;7
pin_387;0.0257;0.14;0.0828;0.0203;0.0393;0.0362;0.072;0.1346;0.1562;0.1738;0.1707;0.1795;3;3;3;3;3;3;3;3;3
pin_32;0.1395;0.2213;0.2266;0.1504;0.1782;0.2054;0.1913;0.1946;0.1919;0.2142;0.1973;0.2411;1;1;1;1;1;1;1;1;1
pin_673;0.0661;0.3387;0.318;0.132;0.182;0.2226;0.2558;0.2849;0.2995;0.3354;0.3117;0.2855;5;5;5;5;5;5;5;5;5
pin_495;0.0179;0.1608;0.0749;0.0216;0.0588;0.0246;0.0974;0.2727;0.3021;0.379;0.3288;0.3182;4;4;4;4;4;4;4;4;4
pin_56;0.1611;0.2689;0.2511;0.18;0.2092;0.2458;0.2384;0.24;0.2273;0.2614;0.2347;0.26;1;1;1;1;1;1;1;1;1
pin_153;0.0088;0.0048;0.0044;0.005;0.0072;0.0063;0.0065;0.0029;0.0039;0.0035;0.0039;0.003;2;2;2;2;2;2;2;10;10
pin_1063;0.0542;0.2197;0.1487;0.0545;0.079;0.0975;0.1487;0.2414;0.2716;0.1928;0.2752;0.2603;9;9;9;9;9;9;9;9;9
pin_905;0.0414;0.0916;0.0866;0.0281;0.0323;0.0321;0.045;0.0581;0.0578;0.0527;0.0716;0.1125;7;7;7;7;7;7;7;3;7
pin_421;0.0227;0.1427;0.0821;0.0228;0.0443;0.0381;0.076;0.1407;0.1612;0.1934;0.1825;0.1804;3;3;3;3;3;3;3;3;3
pin_1249;0.0119;0.0031;0.003;0.007;0.006;0.0069;0.0066;0.0045;0.0066;0.0065;0.0025;0.0017;10;6;10;10;10;10;10;10;10
pin_1039;0.0453;0.1953;0.1327;0.0416;0.0612;0.0938;0.1332;0.1927;0.2112;0.2092;0.2598;0.3187;9;9;9;9;9;9;9;9;9
pin_602;0.0693;0.3394;0.3611;0.1616;0.2054;0.2678;0.2687;0.2797;0.2736;0.3108;0.2773;0.2118;5;5;5;5;5;5;5;5;5
pin_454;0.0191;0.1454;0.0653;0.0192;0.0557;0.0199;0.0913;0.2565;0.2844;0.3548;0.3165;0.3197;4;4;4;4;4;4;4;4;4
pin_419;0.0227;0.1427;0.0821;0.0205;0.0386;0.035;0.076;0.1407;0.1612;0.171;0.1825;0.1804;3;3;3;3;3;3;3;3;3
pin_1236;0.0113;0.0033;0.002;0.0039;0.0058;0.0075;0.0077;0.0037;0.005;0.0043;0.0043;0.0018;10;6;10;10;10;10;10;10;10
pin_870;0.025;0.3585;0.2965;0.031;0.0418;0.0756;0.0996;0.1207;0.1436;0.1682;0.1874;0.1889;6;6;6;6;6;6;6;6;6
pin_983;0.0542;0.1417;0.1207;0.0216;0.0271;0.0274;0.078;0.1012;0.1011;0.0557;0.1285;0.2205;7;7;7;7;7;7;7;3;7
pin_1266;0.0113;0.0039;0.0018;0.0067;0.0073;0.008;0.007;0.0054;0.0044;0.0048;0.0034;0.0018;10;6;10;10;10;10;10;10;10
pin_436;0.0215;0.1292;0.0733;0.0194;0.0372;0.0324;0.0694;0.1361;0.1536;0.1678;0.1743;0.1761;3;3;3;3;3;3;3;3;3
pin_862;0.0234;0.3833;0.3146;0.0283;0.0396;0.0752;0.0944;0.1122;0.1373;0.1708;0.1822;0.1841;6;6;6;6;6;6;6;6;6
pin_1033;0.051;0.2007;0.1344;0.0518;0.0793;0.0822;0.1275;0.2373;0.2578;0.274;0.2923;0.254;9;4;9;9;9;9;9;9;9
pin_480;0.0207;0.181;0.0868;0.0258;0.0692;0.0274;0.1064;0.321;0.3457;0.4086;0.3763;0.3441;4;4;4;4;4;4;4;4;4
pin_185;0.0088;0.0047;0.0044;0.0062;0.0068;0.0061;0.0061;0.0032;0.0034;0.0043;0.004;0.003;2;2;2;2;2;2;2;10;10
pin_786;0.0246;0.4284;0.3309;0.0313;0.0445;0.0827;0.1073;0.1266;0.1495;0.1896;0.2075;0.2027;6;6;6;6;6;6;6;6;6
pin_949;0.0511;0.0953;0.0891;0.056;0.0518;0.0609;0.0661;0.0697;0.0716;0.0697;0.0775;0.1019;7;7;7;7;7;7;7;3;7
pin_1151;0.0478;0.1921;0.1393;0.0474;0.0739;0.0689;0.1267;0.2003;0.2197;0.293;0.2527;0.3447;9;9;9;9;9;9;9;9;9
pin_160;0.0094;0.0054;0.0044;0.0059;0.0061;0.0062;0.0054;0.0027;0.0035;0.0037;0.0039;0.005;2;2;2;2;2;2;2;10;10
pin_791;0.0248;0.4248;0.3278;0.0278;0.0407;0.082;0.1027;0.1233;0.151;0.1872;0.2025;0.2018;6;6;6;6;6;6;6;6;6
pin_453;0.0191;0.1454;0.0653;0.0176;0.0497;0.021;0.0913;0.2565;0.2844;0.319;0.3165;0.3197;4;4;4;4;4;4;4;4;4
pin_199;0.0096;0.0049;0.005;0.0064;0.0066;0.0056;0.0055;0.0039;0.0046;0.0042;0.0039;0.0069;2;2;2;2;2;2;2;10;10
pin_937;0.0511;0.0963;0.0901;0.0626;0.0639;0.0735;0.0785;0.0785;0.0801;0.0916;0.0811;0.1019;7;6;7;7;7;7;7;3;7
pin_831;0.0233;0.4061;0.3155;0.0276;0.0405;0.0783;0.0982;0.1202;0.1438;0.183;0.1907;0.1978;6;6;6;6;6;6;6;6;6
pin_142;0.1092;0.2965;0.2298;0.1072;0.1322;0.156;0.1871;0.2347;0.2512;0.2676;0.2699;0.2538;1;1;1;1;1;1;1;1;5
pin_795;0.0248;0.4308;0.3293;0.0283;0.044;0.0835;0.105;0.125;0.153;0.1864;0.2034;0.2018;6;6;6;6;6;6;6;6;6
pin_948;0.0511;0.0963;0.0901;0.0651;0.0743;0.0827;0.0785;0.0785;0.0801;0.0968;0.0811;0.1019;7;6;7;7;7;7;7;3;7
pin_1000;0.0554;0.1243;0.0975;0.0341;0.0356;0.0385;0.0837;0.1555;0.1547;0.0799;0.1526;0.1899;7;7;7;7;7;7;7;3;3
pin_642;0.0603;0.2815;0.263;0.1004;0.1388;0.1834;0.204;0.2507;0.2679;0.3002;0.2798;0.2603;5;5;5;5;5;5;5;5;5
pin_432;0.026;0.1308;0.0769;0.0199;0.0377;0.0303;0.0718;0.1401;0.1587;0.1696;0.1778;0.178;3;3;3;3;3;3;3;3;3
pin_53;0.1395;0.2348;0.2274;0.1252;0.1428;0.1716;0.1994;0.1986;0.1986;0.1908;0.2007;0.2411;1;1;1;1;1;1;1;1;1
pin_203;0.0093;0.005;0.0033;0.0072;0.006;0.0056;0.0052;0.003;0.0042;0.0031;0.0036;0.0031;2;2;2;2;2;2;2;10;10
pin_579;0.018;0.1443;0.0624;0.0171;0.0488;0.0192;0.0943;0.2615;0.292;0.3266;0.3152;0.3038;4;4;4;4;4;4;4;4;4
pin_726;0.043;0.3231;0.298;0.0886;0.1254;0.166;0.2605;0.2805;0.2917;0.3028;0.2975;0.143;5;5;5;5;5;5;5;5;5
pin_350;0.0246;0.1534;0.0933;0.0243;0.0401;0.0362;0.0796;0.1474;0.1642;0.1666;0.1846;0.1799;3;3;3;3;3;3;3;3;3
pin_1286;0.0115;0.0041;0.0024;0.0056;0.0068;0.0077;0.0076;0.004;0.004;0.005;0.0034;0.0065;10;6;10;10;10;10;10;10;10
pin_391;0.0257;0.1328;0.0773;0.019;0.0393;0.0331;0.068;0.1379;0.156;0.1702;0.176;0.1795;3;3;3;3;3;3;3;3;3
pin_690;0.0526;0.3215;0.3183;0.1578;0.2068;0.2664;0.2733;0.2738;0.2614;0.3088;0.2675;0.1702;5;5;5;5;5;5;5;5;5
pin_514;0.0178;0.1509;0.0697;0.0157;0.0426;0.0165;0.0886;0.2596;0.3;0.2874;0.3147;0.313;4;4;4;4;4;4;4;4;4
pin_1070;0.0542;0.1804;0.13;0.0528;0.0767;0.0747;0.116;0.2008;0.229;0.257;0.2492;0.2603;9;9;9;9;9;9;9;9;9
pin_1143;0.038;0.1949;0.1369;0.0479;0.0763;0.072;0.1163;0.2536;0.2947;0.3274;0.3318;0.3112;9;9;9;9;9;9;9;4;4
pin_46;0.1395;0.2509;0.2393;0.143;0.1678;0.198;0.2038;0.2153;0.2205;0.2176;0.2184;0.2411;1;1;1;1;1;1;1;1;1
pin_1233;0.0117;0.0041;0.0025;0.0085;0.0062;0.0071;0.007;0.0044;0.006;0.0066;0.005;0.0051;10;2;10;10;10;10;10;10;10
pin_1189;0.012;0.0036;0.0027;0.0056;0.0074;0.0067;0.0066;0.0036;0.0044;0.0041;0.0041;0.0029;10;6;10;10;10;10;10;10;10
pin_1275;0.0106;0.0044;0.0034;0.0057;0.0071;0.0074;0.0075;0.0044;0.0059;0.005;0.0046;0.006;10;2;10;10;10;10;10;10;10
pin_109;0.1618;0.3167;0.3213;0.2136;0.2352;0.2552;0.3038;0.2998;0.3041;0.2834;0.2996;0.2682;1;1;1;1;1;1;1;1;1
pin_809;0.025;0.391;0.3175;0.0282;0.0407;0.0799;0.1018;0.1184;0.1449;0.183;0.1962;0.1889;6;6;6;6;6;6;6;6;6
pin_343;0.022;0.1363;0.08;0.025;0.0399;0.0376;0.0719;0.1382;0.1556;0.1636;0.1704;0.175;3;3;3;3;3;3;3;3;3
pin_331;0.0214;0.1354;0.0802;0.0209;0.0394;0.0341;0.0709;0.1325;0.1528;0.164;0.1685;0.1729;3;3;3;3;3;3;3;3;3
pin_1100;0.0489;0.2359;0.1217;0.0526;0.0687;0.0995;0.1507;0.2383;0.2603;0.2626;0.2912;0.3117;9;9;9;9;9;9;9;9;9
pin_1176;0.0112;0.0034;0.0024;0.0054;0.0054;0.0066;0.0066;0.004;0.0036;0.0053;0.0046;0.0033;10;6;10;10;10;10;10;10;10
pin_633;0.0689;0.2806;0.2567;0.1412;0.187;0.238;0.2075;0.2629;0.2671;0.3418;0.2892;0.2546;5;5;5;5;5;5;5;5;5
pin_1201;0.0113;0.003;0.0025;0.0049;0.0055;0.0076;0.0074;0.0036;0.0036;0.0049;0.0034;0.0034;10;6;10;10;10;10;10;10;10
pin_321;0.0227;0.1476;0.0835;0.0201;0.0348;0.0335;0.0724;0.1413;0.1522;0.16;0.1785;0.1804;3;3;3;3;3;3;3;3;3
pin_1271;0.0118;0.0045;0.0027;0.0065;0.008;0.0077;0.0078;0.0042;0.0046;0.0048;0.006;0.0018;10;6;10;10;10;10;10;10;10
pin_19;0.0956;0.2372;0.2011;0.1214;0.151;0.1716;0.1642;0.2061;0.2144;0.2054;0.2206;0.23;1;1;1;1;1;1;1;1;5
pin_978;0.0446;0.1137;0.0953;0.0368;0.0369;0.0434;0.0603;0.0767;0.0913;0.0718;0.095;0.2114;7;7;7;7;7;7;7;3;7
pin_143;0.1391;0.2688;0.2451;0.1444;0.1716;0.1974;0.2106;0.2254;0.2302;0.2304;0.2385;0.2479;1;1;1;1;1;1;1;1;1
pin_483;0.0202;0.1677;0.0786;0.0189;0.0554;0.0208;0.1001;0.297;0.3387;0.366;0.3663;0.3377;4;4;4;4;4;4;4;4;4
pin_987;0.0564;0.1396;0.1137;0.0485;0.053;0.0601;0.0818;0.1126;0.1147;0.0913;0.1206;0.181;7;7;7;7;7;7;7;3;7
pin_382;0.0214;0.135;0.0768;0.0209;0.0387;0.0318;0.0708;0.1385;0.1546;0.1732;0.1756;0.1729;3;3;3;3;3;3;3;3;3
pin_512;0.018;0.1482;0.0689;0.0167;0.0459;0.0191;0.0907;0.2589;0.2909;0.2978;0.3117;0.3156;4;4;4;4;4;4;4;4;4
pin_964;0.0415;0.0788;0.0648;0.0274;0.0287;0.0339;0.0554;0.0654;0.0681;0.0532;0.0699;0.1075;7;7;7;7;7;7;7;3;7
pin_529;0.018;0.1516;0.0715;0.017;0.045;0.0203;0.0895;0.2475;0.2804;0.291;0.2978;0.3084;4;4;4;4;4;4;4;4;4
pin_435;0.026;0.1322;0.0744;0.0185;0.0376;0.03;0.0689;0.136;0.1564;0.1694;0.1769;0.178;3;3;3;3;3;3;3;3;3
pin_1117;0.0532;0.2366;0.1811;0.0504;0.0675;0.0747;0.1409;0.2258;0.2557;0.2058;0.2427;0.2527;9;6;9;9;9;9;9;9;9
pin_849;0.0234;0.3913;0.3104;0.0251;0.036;0.0698;0.0895;0.1079;0.1347;0.164;0.1775;0.1841;6;6;6;6;6;6;6;6;6
pin_956;0.0366;0.1196;0.1021;0.0282;0.0313;0.0386;0.0522;0.0733;0.0846;0.0655;0.0905;0.1399;7;7;7;7;7;7;7;3;7
pin_362;0.0229;0.1384;0.0813;0.0203;0.0383;0.0333;0.0725;0.1375;0.1561;0.167;0.1739;0.1772;3;3;3;3;3;3;3;3;3
pin_433;0.026;0.1308;0.0769;0.022;0.0369;0.0341;0.0718;0.1401;0.1587;0.1714;0.1778;0.178;3;3;3;3;3;3;3;3;3
pin_1158;0.0117;0.0037;0.0016;0.006;0.0058;0.0075;0.0071;0.0045;0.0045;0.0042;0.0043;0.0021;10;6;10;10;10;10;10;10;10
pin_1121;0.0532;0.1899;0.1263;0.083;0.0755;0.089;0.1348;0.1992;0.224;0.1966;0.2543;0.2527;9;9;9;9;9;9;9;9;9
pin_1284;0.0115;0.0052;0.0041;0.0062;0.0064;0.007;0.0069;0.0053;0.0036;0.0057;0.0032;0.0065;10;6;10;10;10;10;10;10;10
pin_162;0.0094;0.0055;0.0046;0.0048;0.0063;0.0069;0.0062;0.0026;0.0039;0.0042;0.0043;0.005;2;2;2;2;2;2;2;10;10
pin_872;0.027;0.3478;0.2843;0.0295;0.0407;0.0751;0.1018;0.1208;0.1404;0.1678;0.1872;0.1966;6;6;6;6;6;6;6;6;6
pin_758;0.0248;0.4135;0.3147;0.0277;0.0397;0.0765;0.0979;0.1169;0.141;0.1754;0.1909;0.2018;6;6;6;6;6;6;6;6;6
pin_830;0.027;0.382;0.3084;0.024;0.0401;0.0792;0.1015;0.1221;0.1473;0.179;0.1924;0.1966;6;6;6;6;6;6;6;6;6
pin_86;0.1618;0.3697;0.3465;0.4532;0.5064;0.4836;0.3865;0.3627;0.3813;0.5004;0.3683;0.2682;1;1;1;1;1;1;1;1;1
pin_524;0.018;0.1504;0.0704;0.0203;0.0572;0.0228;0.0947;0.2517;0.2912;0.3256;0.3101;0.3084;4;4;4;4;4;4;4;4;4
pin_683;0.0661;0.3387;0.318;0.1456;0.1924;0.2532;0.2558;0.2849;0.2995;0.3364;0.3117;0.2855;5;5;5;5;5;5;5;5;5
pin_1218;0.0118;0.0039;0.003;0.0051;0.006;0.0073;0.007;0.0039;0.0028;0.0052;0.0041;0.0021;10;6;10;10;10;10;10;10;10
pin_1029;0.0374;0.2133;0.1675;0.05;0.0745;0.0794;0.1351;0.1976;0.2216;0.2352;0.2452;0.2685;9;9;9;9;9;9;9;9;9
pin_753;0.0246;0.4284;0.3309;0.0336;0.048;0.0858;0.1073;0.1266;0.1495;0.1926;0.2075;0.2027;6;6;6;6;6;6;6;6;6
pin_1237;0.0118;0.0045;0.0033;0.0054;0.0059;0.0077;0.0075;0.0037;0.0043;0.0042;0.0052;0.0021;10;6;10;10;10;10;10;10;10
pin_2;0.0981;0.2458;0.2503;0.1852;0.2006;0.2156;0.2141;0.2207;0.2159;0.2232;0.2193;0.2461;1;1;1;1;1;1;1;5;1
pin_536;0.018;0.1525;0.0711;0.0159;0.046;0.0178;0.0897;0.267;0.2851;0.2866;0.3064;0.3156;4;4;4;4;4;4;4;4;4
pin_1032;0.051;0.2157;0.169;0.0518;0.0735;0.0857;0.1301;0.2043;0.2325;0.2374;0.249;0.254;9;9;9;9;9;9;9;9;9
pin_584;0.0179;0.1495;0.0691;0.0151;0.0425;0.016;0.0839;0.2529;0.2922;0.2998;0.3131;0.3182;4;4;4;4;4;4;4;4;4
pin_359;0.0214;0.1345;0.081;0.0209;0.0383;0.036;0.0696;0.1333;0.1492;0.1524;0.1684;0.1729;3;3;3;3;3;3;3;3;3
pin_1118;0.0532;0.2519;0.2018;0.0575;0.0794;0.1001;0.1589;0.2097;0.228;0.245;0.2712;0.2527;9;9;9;9;9;9;9;9;9
pin_729;0.043;0.2468;0.2169;0.1166;0.1584;0.1968;0.2142;0.2143;0.2043;0.2396;0.2021;0.143;5;5;5;5;5;5;5;5;5
pin_59;0.1611;0.3075;0.2997;0.2934;0.298;0.334;0.3128;0.3046;0.3147;0.3328;0.3029;0.26;1;1;1;1;1;1;1;1;1
pin_752;0.0246;0.4208;0.3304;0.0306;0.0455;0.0855;0.1079;0.1274;0.1503;0.1848;0.2038;0.2027;6;6;6;6;6;6;6;6;6
pin_1206;0.0119;0.0029;0.0025;0.0069;0.006;0.0071;0.0068;0.0031;0.0015;0.0042;0.0038;0.0021;10;6;10;10;10;10;10;10;10
pin_437;0.0215;0.1292;0.0733;0.0202;0.0365;0.0332;0.0694;0.1361;0.1536;0.1738;0.1743;0.1761;3;3;3;3;3;3;3;3;3
pin_234;0.0091;0.0049;0.0036;0.0059;0.0063;0.0059;0.0048;0.0023;0.0019;0.0032;0.0031;0.0031;2;2;2;2;2;2;2;10;10
pin_1141;0.0398;0.1831;0.1207;0.0368;0.0516;0.0486;0.1051;0.1954;0.2226;0.144;0.2369;0.2719;9;9;9;9;9;9;9;9;9
pin_40;0.1395;0.2432;0.2431;0.15;0.1742;0.2018;0.2134;0.2217;0.2157;0.2176;0.2205;0.2411;1;1;1;1;1;1;1;1;1
pin_478;0.0207;0.1604;0.0724;0.0187;0.0529;0.0218;0.097;0.2748;0.3091;0.331;0.3416;0.3441;4;4;4;4;4;4;4;4;4
pin_1132;0.0536;0.1853;0.143;0.0583;0.0703;0.0824;0.1097;0.1696;0.19;0.1858;0.2047;0.2921;9;9;9;9;9;9;9;9;9
pin_271;0.0093;0.0048;0.0021;0.0065;0.0076;0.0059;0.0052;0.0034;0.0041;0.0033;0.0045;0.0031;2;2;2;2;2;2;2;10;10
pin_1147;0.038;0.1949;0.1369;0.045;0.08;0.0691;0.1163;0.2536;0.2947;0.3526;0.3318;0.3112;9;4;9;9;9;9;9;4;4
pin_1200;0.0119;0.0037;0.0023;0.0056;0.0075;0.0086;0.0066;0.0045;0.0046;0.0061;0.0029;0.0032;10;6;10;10;10;10;10;10;10
pin_1080;0.0485;0.168;0.1195;0.0584;0.0778;0.0974;0.1193;0.2115;0.2269;0.2162;0.2506;0.2834;9;9;9;9;9;9;9;9;9
pin_1024;0.0374;0.179;0.1214;0.0522;0.0719;0.0731;0.1148;0.1657;0.1831;0.1854;0.2126;0.2685;9;9;9;9;9;9;9;9;9
pin_504;0.018;0.1408;0.0652;0.0197;0.0525;0.0206;0.0886;0.2569;0.2815;0.2972;0.3011;0.3084;4;4;4;4;4;4;4;4;4
pin_975;0.0524;0.1472;0.0955;0.029;0.0281;0.0296;0.0818;0.1705;0.181;0.0697;0.1863;0.2295;7;7;7;7;9;7;7;3;3
pin_995;0.0583;0.1063;0.0821;0.0264;0.0342;0.0366;0.0553;0.0698;0.0756;0.0718;0.0793;0.1836;7;7;7;7;7;7;7;3;7
pin_924;0.0366;0.1287;0.1125;0.039;0.0457;0.0499;0.0601;0.0742;0.1004;0.0967;0.0978;0.1399;7;7;7;7;7;7;7;3;7
pin_1128;0.0398;0.2258;0.1694;0.0531;0.0803;0.0805;0.1408;0.2163;0.238;0.2732;0.2614;0.2719;9;9;9;9;9;9;9;9;9
pin_763;0.0249;0.4155;0.3086;0.0305;0.0431;0.0838;0.1075;0.1272;0.152;0.1862;0.2039;0.2066;6;6;6;6;6;6;6;6;6
pin_205;0.0093;0.006;0.0045;0.0065;0.0068;0.0063;0.0043;0.0024;0.0034;0.0032;0.0028;0.0031;2;2;2;2;2;2;2;10;10
pin_993;0.0583;0.1294;0.1153;0.0313;0.0341;0.0374;0.0768;0.1128;0.1117;0.0661;0.1108;0.1836;7;7;7;7;7;7;7;3;7
pin_15;0.0862;0.24;0.2547;0.1676;0.1904;0.2118;0.2292;0.2243;0.2187;0.225;0.2126;0.239;1;1;1;1;1;1;1;5;5
pin_313;0.0229;0.1396;0.08;0.0255;0.0387;0.0364;0.0713;0.1386;0.1583;0.172;0.1733;0.1772;3;3;3;3;3;3;3;3;3
pin_1145;0.038;0.1783;0.12;0.0483;0.0647;0.0634;0.1077;0.1936;0.2104;0.2462;0.2308;0.3112;9;9;9;9;9;9;9;9;9
pin_467;0.0203;0.1603;0.0757;0.0202;0.0595;0.0248;0.1032;0.2794;0.3164;0.3316;0.3511;0.3196;4;4;4;4;4;4;4;4;4
pin_675;0.0661;0.3901;0.391;0.1526;0.2082;0.2512;0.3072;0.3254;0.3156;0.334;0.3279;0.2855;5;5;5;5;5;5;5;5;5
pin_990;0.068;0.1265;0.1077;0.0363;0.0318;0.0385;0.072;0.0803;0.0894;0.058;0.0918;0.1762;7;7;7;7;7;7;7;3;7
pin_1251;0.0109;0.0042;0.0026;0.0051;0.0056;0.0063;0.0065;0.0051;0.0038;0.0042;0.0037;0.0039;10;2;10;10;10;10;10;10;10
pin_125;0.1391;0.2592;0.2691;0.2066;0.222;0.2392;0.2341;0.2267;0.227;0.2458;0.2185;0.2479;1;1;1;1;1;1;1;1;1
pin_620;0.0689;0.353;0.3526;0.1336;0.1852;0.2236;0.277;0.2962;0.2976;0.3176;0.3146;0.2546;5;5;5;5;5;5;5;5;5
pin_941;0.0511;0.1259;0.1265;0.0583;0.0636;0.0758;0.0935;0.1053;0.1016;0.0865;0.1053;0.1019;7;6;7;7;7;7;7;3;7
pin_10;0.0862;0.2384;0.2387;0.1872;0.2082;0.2184;0.202;0.2112;0.2121;0.2238;0.2075;0.239;1;1;1;1;1;1;1;5;1
pin_252;0.0091;0.0048;0.0018;0.007;0.005;0.0057;0.0049;0.0036;0.0042;0.0028;0.0045;0.0031;2;2;2;2;2;2;2;10;10
pin_591;0.0179;0.1543;0.071;0.0161;0.0465;0.0205;0.09;0.2673;0.3072;0.358;0.33;0.3182;4;4;4;4;4;4;4;4;4
pin_793;0.0248;0.4158;0.3174;0.0263;0.0403;0.0787;0.1003;0.1194;0.1445;0.1762;0.1994;0.2018;6;6;6;6;6;6;6;6;6
pin_228;0.0091;0.0058;0.0023;0.0058;0.0053;0.0064;0.0044;0.0022;0.0036;0.0025;0.0031;0.0031;2;2;2;2;2;2;2;10;10
pin_507;0.018;0.1566;0.0777;0.0172;0.0438;0.0201;0.0913;0.2701;0.2876;0.2964;0.314;0.3084;4;4;4;4;4;4;4;4;4
pin_1091;0.0489;0.1783;0.1378;0.0445;0.0678;0.0811;0.1164;0.1874;0.1993;0.2686;0.2045;0.2866;9;9;9;9;9;9;9;9;9
pin_277;0.0091;0.0052;0.0041;0.0061;0.0081;0.0065;0.0051;0.0032;0.0036;0.0031;0.0035;0.0031;2;2;2;2;2;2;2;10;10
pin_566;0.0179;0.1519;0.0721;0.0166;0.0394;0.0169;0.0821;0.2387;0.2675;0.2714;0.2821;0.3182;4;4;4;4;4;4;4;4;4
pin_761;0.0249;0.4275;0.3277;0.0305;0.0433;0.0864;0.1099;0.1309;0.157;0.1896;0.2089;0.2066;6;6;6;6;6;6;6;6;6
pin_216;0.0093;0.005;0.0033;0.0055;0.0059;0.0067;0.0052;0.003;0.0042;0.0033;0.0036;0.0031;2;2;2;2;2;2;2;10;10
pin_1115;0.0532;0.2366;0.1811;0.0457;0.0778;0.081;0.1409;0.2258;0.2557;0.3452;0.2427;0.2527;9;5;9;9;9;9;9;9;9
pin_62;0.1611;0.3626;0.3616;0.2408;0.268;0.2834;0.3576;0.3654;0.3742;0.292;0.3595;0.26;1;1;1;1;1;1;1;1;1
pin_93;0.1618;0.3787;0.3593;0.5308;0.4596;0.5152;0.4431;0.4063;0.3963;0.5528;0.3865;0.2682;1;1;1;1;1;1;1;1;1
pin_963;0.0415;0.1035;0.0856;0.0391;0.0515;0.0507;0.0684;0.0757;0.1034;0.1114;0.0836;0.1075;7;6;7;7;7;7;7;3;7
pin_962;0.0415;0.0748;0.0624;0.0383;0.0459;0.0519;0.0539;0.0831;0.0669;0.0946;0.0817;0.1075;7;7;7;7;7;7;7;3;7
pin_459;0.02;0.1638;0.0782;0.0152;0.0548;0.0218;0.0933;0.2731;0.3091;0.3306;0.3297;0.3195;4;4;4;4;4;4;4;4;4
pin_76;0.1611;0.3698;0.3646;0.289;0.3038;0.344;0.3828;0.3874;0.3598;0.3316;0.3648;0.26;1;1;1;1;1;1;1;1;1
pin_398;0.0214;0.1339;0.0749;0.0215;0.0393;0.0331;0.0691;0.1394;0.1546;0.178;0.1738;0.1729;3;3;3;3;3;3;3;3;3
pin_141;0.1618;0.3255;0.2638;0.1128;0.1318;0.1636;0.2484;0.2884;0.3047;0.2808;0.3133;0.2682;1;1;1;1;1;1;1;1;1
pin_513;0.018;0.1482;0.0689;0.0162;0.0479;0.0178;0.0907;0.2589;0.2909;0.3078;0.3117;0.3156;4;4;4;4;4;4;4;4;4
pin_901;0.0576;0.1138;0.1084;0.0352;0.0404;0.0419;0.0693;0.0799;0.0834;0.0621;0.0912;0.1197;7;7;7;7;7;7;7;3;7
pin_1247;0.0114;0.0037;0.003;0.0043;0.0057;0.0074;0.0066;0.0045;0.0034;0.0044;0.0033;0.0016;10;6;10;10;10;10;10;10;10
pin_462;0.02;0.1641;0.0772;0.0203;0.0576;0.025;0.1003;0.2966;0.331;0.3598;0.3512;0.3195;4;4;4;4;4;4;4;4;4
pin_917;0.0414;0.077;0.0681;0.0378;0.0415;0.049;0.0581;0.0561;0.075;0.0687;0.0597;0.0999;7;7;7;7;7;7;7;3;7
pin_427;0.0215;0.139;0.0811;0.0239;0.0392;0.0359;0.0721;0.1413;0.159;0.176;0.1799;0.1761;3;3;3;3;3;3;3;3;3
pin_1093;0.0489;0.19;0.1315;0.0442;0.0645;0.0919;0.1167;0.1712;0.1969;0.2064;0.1954;0.2866;9;9;9;9;9;9;9;9;9
pin_157;0.0088;0.0054;0.0044;0.0071;0.0052;0.0059;0.0056;0.0024;0.0035;0.0031;0.0042;0.003;2;2;2;2;2;2;2;10;10
pin_1164;0.012;0.0028;0.0021;0.0069;0.0061;0.0066;0.007;0.0042;0.0037;0.0035;0.0025;0.0016;10;6;10;10;10;10;10;10;10
pin_1043;0.0453;0.1993;0.1408;0.0505;0.0787;0.0704;0.1309;0.2022;0.2312;0.2846;0.2608;0.3187;9;9;9;9;9;9;9;9;9
pin_9;0.0862;0.2384;0.2387;0.1526;0.1706;0.2002;0.202;0.2112;0.2121;0.2192;0.2075;0.239;1;1;1;1;1;1;1;5;5
pin_713;0.0627;0.3393;0.3451;0.1128;0.1618;0.1882;0.2796;0.3029;0.3097;0.3044;0.3103;0.268;5;5;5;5;5;5;5;5;5
pin_1184;0.012;0.0034;0.0034;0.0049;0.006;0.0077;0.0065;0.0033;0.0038;0.0039;0.0024;0.0029;10;6;10;10;10;10;10;10;10
pin_944;0.0511;0.0939;0.0831;0.045;0.0495;0.0582;0.0664;0.0663;0.0664;0.0693;0.0706;0.1019;7;7;7;7;7;7;7;3;7
pin_1229;0.0117;0.0035;0.002;0.004;0.0043;0.0078;0.0072;0.0046;0.0033;0.0051;0.0023;0.0021;10;6;10;10;10;10;10;10;10
pin_28;0.1395;0.2213;0.2266;0.129;0.15;0.1726;0.1913;0.1946;0.1919;0.2018;0.1973;0.2411;1;1;1;1;1;1;1;1;1
pin_774;0.0249;0.4125;0.3059;0.0293;0.0448;0.0869;0.108;0.1277;0.1538;0.1898;0.201;0.2066;6;6;6;6;6;6;6;6;6
pin_1298;0.0142;0.0048;0.0032;0.0067;0.0059;0.0076;0.008;0.0064;0.0054;0.0062;0.005;0.0325;10;7;10;10;10;10;10;10;10
pin_655;0.0612;0.3029;0.2808;0.1634;0.2092;0.2618;0.2462;0.2527;0.2542;0.3142;0.2704;0.1666;5;5;5;5;5;5;5;5;5
pin_409;0.0229;0.1387;0.0853;0.0218;0.0391;0.0334;0.0721;0.1357;0.1583;0.176;0.1724;0.1772;3;3;3;3;3;3;3;3;3
pin_417;0.0229;0.1346;0.0761;0.0236;0.04;0.0377;0.0706;0.1365;0.1557;0.1748;0.1752;0.1772;3;3;3;3;3;3;3;3;3
pin_826;0.025;0.3585;0.2965;0.0327;0.0429;0.0839;0.0996;0.1207;0.1436;0.1858;0.1874;0.1889;6;6;6;6;6;6;6;6;6
pin_296;0.0091;0.0049;0.0041;0.0065;0.0058;0.0047;0.0053;0.0012;0.003;0.003;0.0029;0.0031;2;2;2;2;2;2;2;10;10
pin_365;0.0229;0.1411;0.0799;0.0253;0.0436;0.0397;0.0742;0.1409;0.1602;0.186;0.177;0.1772;3;3;3;3;3;3;3;3;3
pin_1110;0.0489;0.2396;0.1332;0.0437;0.0817;0.0861;0.1569;0.2824;0.3097;0.362;0.3418;0.3117;9;3;9;9;9;9;9;4;4
pin_255;0.0093;0.0054;0.0032;0.0076;0.0046;0.0059;0.0047;0.0029;0.0036;0.0033;0.0036;0.0031;2;2;2;2;2;2;2;10;10
pin_466;0.0203;0.1471;0.0694;0.0181;0.0462;0.0212;0.0902;0.2562;0.2895;0.2798;0.32;0.3196;4;4;4;4;4;4;4;4;4
pin_868;0.025;0.3688;0.3063;0.0317;0.0439;0.0821;0.1014;0.1204;0.1448;0.1762;0.1897;0.1889;6;6;6;6;6;6;6;6;6
pin_732;0.0481;0.3041;0.2821;0.1026;0.1596;0.1868;0.221;0.2643;0.2899;0.3216;0.292;0.226;5;5;5;5;5;5;5;5;5
pin_406;0.0229;0.1387;0.0853;0.0237;0.0407;0.0365;0.0721;0.1357;0.1583;0.1654;0.1724;0.1772;3;6;3;3;3;3;3;3;3
pin_1295;0.0118;0.005;0.0035;0.0052;0.0071;0.0075;0.0079;0.0047;0.0049;0.0077;0.0038;0.011;10;6;10;10;10;10;10;10;10
pin_668;0.0612;0.3364;0.3624;0.1744;0.2172;0.2778;0.2871;0.2826;0.3011;0.3284;0.2999;0.1666;5;5;5;5;5;5;5;5;5
pin_906;0.0414;0.0917;0.0822;0.0364;0.0402;0.0494;0.0544;0.0528;0.0622;0.0658;0.0634;0.1125;7;7;7;7;7;7;7;3;7
pin_1002;0.0583;0.2105;0.1625;0.0489;0.0684;0.0807;0.1341;0.2471;0.2718;0.2232;0.2725;0.2661;9;6;9;9;9;9;9;9;9
pin_212;0.0091;0.0055;0.0045;0.0055;0.005;0.0049;0.0039;0.0015;0.0033;0.0025;0.0035;0.0036;2;2;2;2;2;2;2;10;10
pin_748;0.07;0.3494;0.3433;0.118;0.1628;0.2058;0.2889;0.3088;0.313;0.3218;0.3098;0.2605;5;5;5;5;5;5;5;5;5
pin_232;0.0091;0.0049;0.0036;0.0081;0.0059;0.0068;0.0048;0.0023;0.0019;0.0027;0.0031;0.0031;2;2;2;2;2;2;2;10;10
pin_800;0.0249;0.4269;0.32;0.0301;0.0425;0.0855;0.1103;0.1281;0.154;0.191;0.2112;0.2066;6;6;6;6;6;6;6;6;6
pin_193;0.0094;0.0054;0.0044;0.0086;0.006;0.0063;0.0064;0.0039;0.0046;0.0042;0.0039;0.0052;2;2;2;2;2;2;2;10;10
pin_609;0.0693;0.3726;0.3688;0.1554;0.2056;0.272;0.3061;0.3093;0.3226;0.3264;0.3219;0.2118;5;5;5;5;5;5;5;5;5
pin_865;0.025;0.3718;0.309;0.0317;0.0444;0.0861;0.1018;0.1215;0.1454;0.182;0.1932;0.1889;6;6;6;6;6;6;6;6;6
pin_531;0.018;0.1488;0.0699;0.0194;0.0478;0.0197;0.0845;0.2401;0.2585;0.311;0.2787;0.3084;4;4;4;4;4;4;4;4;4
pin_490;0.0203;0.1596;0.0778;0.0175;0.0494;0.0235;0.0929;0.257;0.281;0.3094;0.2973;0.3184;4;4;4;4;4;4;4;4;4
pin_718;0.043;0.2492;0.2419;0.1298;0.168;0.2202;0.2117;0.2087;0.2194;0.2596;0.2071;0.143;5;5;5;5;5;5;5;5;5
pin_1232;0.0117;0.0039;0.0026;0.0056;0.0069;0.0065;0.0073;0.0047;0.0031;0.0069;0.0049;0.0051;10;6;10;10;10;10;10;10;10
pin_760;0.0248;0.426;0.3255;0.0301;0.0433;0.0839;0.1049;0.1239;0.149;0.18;0.1966;0.2018;6;6;6;6;6;6;6;6;6
pin_1291;0.0119;0.004;0.0023;0.004;0.0072;0.0087;0.0075;0.0036;0.0031;0.0049;0.0035;0.0021;10;6;10;10;10;10;10;10;10
pin_989;0.0564;0.1105;0.0952;0.0364;0.0398;0.0432;0.0604;0.0777;0.0773;0.0796;0.0897;0.181;7;7;7;7;7;7;7;3;7
pin_446;0.0215;0.1283;0.0729;0.0204;0.0371;0.0309;0.0682;0.1353;0.1533;0.1644;0.1707;0.1761;3;3;3;3;3;3;3;3;3
pin_658;0.0612;0.3029;0.2808;0.1368;0.187;0.2276;0.2462;0.2527;0.2542;0.303;0.2704;0.1666;5;5;5;5;5;5;5;5;5
pin_823;0.025;0.3718;0.309;0.0311;0.0439;0.0848;0.1018;0.1215;0.1454;0.1814;0.1932;0.1889;6;6;6;6;6;6;6;6;6
pin_323;0.0227;0.1423;0.0813;0.0246;0.039;0.0385;0.0725;0.1389;0.1599;0.1702;0.1761;0.1804;3;3;3;3;3;3;3;3;3
pin_242;0.0091;0.0053;0.0036;0.0056;0.0053;0.0049;0.0046;0.0028;0.0033;0.0039;0.0036;0.0033;2;2;2;2;2;2;2;10;10
pin_487;0.0202;0.1515;0.0694;0.0166;0.0502;0.0195;0.0912;0.2582;0.2952;0.3286;0.3167;0.3377;4;4;4;4;4;4;4;4;4
pin_864;0.0234;0.3843;0.3156;0.0302;0.0428;0.0836;0.0985;0.1175;0.1422;0.179;0.1901;0.1841;6;6;6;6;6;6;6;6;6
pin_225;0.0091;0.0052;0.0022;0.0048;0.0062;0.006;0.0045;0.0026;0.0034;0.0023;0.0039;0.0031;2;2;2;2;2;2;2;10;10
pin_407;0.0229;0.1387;0.0853;0.0228;0.041;0.0409;0.0721;0.1357;0.1583;0.1582;0.1724;0.1772;3;6;3;3;3;3;3;3;3
pin_506;0.018;0.1504;0.0704;0.0146;0.0501;0.0186;0.0947;0.2517;0.2912;0.2814;0.3101;0.3084;4;4;4;4;4;4;4;4;4
pin_694;0.0661;0.3391;0.3212;0.1;0.1344;0.1698;0.2345;0.2865;0.2939;0.28;0.3111;0.2855;5;5;5;5;5;5;5;5;5
pin_723;0.043;0.3231;0.298;0.11;0.1578;0.1972;0.2605;0.2805;0.2917;0.3034;0.2975;0.143;5;5;5;5;5;5;5;5;5
pin_611;0.0693;0.3726;0.3688;0.138;0.1834;0.2266;0.3061;0.3093;0.3226;0.3164;0.3219;0.2118;5;5;5;5;5;5;5;5;5
pin_1019;0.0583;0.2105;0.1625;0.0481;0.0793;0.0813;0.1341;0.2471;0.2718;0.2894;0.2725;0.2661;9;6;9;9;9;9;9;9;9
pin_537;0.018;0.1525;0.0711;0.0187;0.0576;0.0211;0.0897;0.267;0.2851;0.3558;0.3064;0.3156;4;4;4;4;4;4;4;4;4
pin_888;0.0221;0.3873;0.3008;0.0257;0.0389;0.0735;0.0898;0.111;0.1342;0.1726;0.1847;0.1883;6;6;6;6;6;6;6;6;6
pin_1040;0.0453;0.1841;0.1156;0.0406;0.0601;0.0852;0.1221;0.2162;0.2461;0.2344;0.2865;0.3187;9;9;9;9;9;9;9;9;9
pin_329;0.0229;0.1417;0.0829;0.0275;0.0406;0.0401;0.0743;0.1403;0.1599;0.1758;0.1754;0.1772;3;3;3;3;3;3;3;3;3
pin_35;0.1395;0.2348;0.2274;0.1402;0.1744;0.2002;0.1994;0.1986;0.1986;0.2176;0.2007;0.2411;1;1;1;1;1;1;1;1;1
pin_1155;0.0112;0.0034;0.0024;0.0058;0.0061;0.0082;0.0067;0.0039;0.0043;0.0056;0.0033;0.0033;10;6;10;10;10;10;10;10;10
pin_812;0.0234;0.3869;0.3078;0.0267;0.0364;0.0729;0.0939;0.1115;0.1373;0.1666;0.1855;0.1841;6;6;6;6;6;6;6;6;6
pin_1082;0.0528;0.1918;0.153;0.052;0.0731;0.0774;0.1199;0.2042;0.2239;0.2238;0.2399;0.2752;9;9;9;9;9;9;9;9;9
pin_773;0.0249;0.4125;0.3059;0.0283;0.0437;0.0869;0.108;0.1277;0.1538;0.1902;0.201;0.2066;6;6;6;6;6;6;6;6;6
pin_534;0.018;0.1538;0.0695;0.017;0.0441;0.0171;0.092;0.2739;0.29;0.3078;0.3128;0.3156;4;4;4;4;4;4;4;4;4
pin_931;0.0503;0.138;0.1066;0.028;0.0354;0.0393;0.0718;0.0951;0.1037;0.106;0.1024;0.1428;7;7;7;7;7;7;7;3;7
pin_996;0.068;0.1265;0.1077;0.0611;0.0589;0.0705;0.072;0.0803;0.0894;0.0961;0.0918;0.1762;7;7;7;7;7;7;7;3;7
pin_527;0.018;0.1478;0.0702;0.0165;0.0466;0.0199;0.0901;0.2621;0.2874;0.299;0.3091;0.3084;4;4;4;4;4;4;4;4;4
pin_1149;0.038;0.2265;0.1567;0.0414;0.073;0.0585;0.1403;0.2712;0.3149;0.3708;0.3272;0.3112;9;4;9;9;9;9;9;4;4
pin_284;0.0091;0.0059;0.004;0.0054;0.0059;0.0048;0.0059;0.0037;0.0042;0.0042;0.0045;0.0033;2;2;2;2;2;2;2;10;10
pin_960;0.042;0.1522;0.1285;0.043;0.0506;0.0611;0.0971;0.1562;0.1467;0.1198;0.1694;0.1465;7;6;7;7;7;7;7;3;3
pin_1139;0.0478;0.1832;0.1333;0.0602;0.0714;0.0773;0.1143;0.1733;0.1919;0.191;0.2101;0.3447;9;9;9;9;9;9;9;9;9
pin_688;0.0526;0.3215;0.3183;0.162;0.2148;0.2714;0.2733;0.2738;0.2614;0.3222;0.2675;0.1702;5;5;5;5;5;5;5;5;5
pin_749;0.07;0.3377;0.3299;0.1466;0.191;0.241;0.2539;0.2694;0.2739;0.3248;0.2806;0.2605;5;5;5;5;5;5;5;5;5
pin_195;0.0094;0.005;0.0044;0.0071;0.0062;0.0063;0.0057;0.0034;0.0045;0.0035;0.0046;0.0052;2;2;2;2;2;2;2;10;10
pin_241;0.0091;0.0053;0.0036;0.0073;0.0054;0.006;0.0046;0.0028;0.0033;0.0035;0.0036;0.0033;2;2;2;2;2;2;2;10;10
pin_541;0.018;0.1525;0.0711;0.0186;0.0478;0.0203;0.0897;0.267;0.2851;0.3124;0.3064;0.3156;4;4;4;4;4;4;4;4;4
pin_1138;0.038;0.2154;0.1521;0.0476;0.0675;0.0594;0.1319;0.2303;0.2499;0.242;0.2784;0.3112;9;9;9;9;9;9;9;9;9
pin_547;0.018;0.1488;0.0699;0.0159;0.0396;0.0189;0.0845;0.2401;0.2585;0.2468;0.2787;0.3084;4;4;4;4;4;4;4;4;4
pin_1244;0.0114;0.003;0.0018;0.0057;0.0074;0.0085;0.007;0.003;0.0033;0.0047;0.0031;0.0026;10;6;10;10;10;10;10;10;10
pin_426;0.0215;0.139;0.0811;0.022;0.037;0.0348;0.0721;0.1413;0.159;0.1666;0.1799;0.1761;3;3;3;3;3;3;3;3;3
pin_679;0.0661;0.3462;0.3293;0.1632;0.2112;0.274;0.2711;0.2816;0.2825;0.3168;0.2789;0.2855;5;5;5;5;5;5;5;5;5
pin_50;0.1395;0.2667;0.2679;0.1798;0.2154;0.2276;0.2473;0.2469;0.2251;0.246;0.24;0.2411;1;1;1;1;1;1;1;1;1
pin_568;0.0179;0.1495;0.0691;0.0158;0.0494;0.0169;0.0839;0.2529;0.2922;0.3052;0.3131;0.3182;4;4;4;4;4;4;4;4;4
pin_270;0.0093;0.0054;0.0032;0.0072;0.007;0.0062;0.0047;0.0029;0.0036;0.0032;0.0036;0.0031;2;2;2;2;2;2;2;10;10
pin_894;0.0211;0.3802;0.3014;0.0265;0.0363;0.0711;0.0935;0.1086;0.1342;0.1594;0.1812;0.179;6;6;6;6;6;6;6;6;6
pin_1210;0.0115;0.0034;0.003;0.0045;0.0054;0.0062;0.0081;0.0031;0.0045;0.0042;0.0055;0.0014;10;6;10;10;10;10;10;10;10
pin_1175;0.0117;0.0043;0.0032;0.0032;0.0057;0.0077;0.007;0.0039;0.0041;0.0037;0.0027;0.0021;10;6;10;10;10;10;10;10;10
pin_550;0.018;0.1478;0.0702;0.0165;0.0481;0.0178;0.0901;0.2621;0.2874;0.2886;0.3091;0.3084;4;4;4;4;4;4;4;4;4
pin_922;0.0366;0.1089;0.0926;0.034;0.044;0.0458;0.0424;0.0574;0.0708;0.0982;0.0704;0.1399;7;7;7;7;7;7;7;3;7
pin_400;0.0214;0.1386;0.0821;0.0182;0.0353;0.0316;0.0727;0.135;0.1532;0.1606;0.172;0.1729;3;3;3;3;3;3;3;3;3
pin_45;0.1395;0.2558;0.2236;0.143;0.167;0.1968;0.2029;0.2278;0.2342;0.23;0.2435;0.2411;1;1;1;1;1;1;1;1;1
pin_1065;0.0542;0.2037;0.1492;0.0609;0.0801;0.096;0.1351;0.2048;0.2172;0.2048;0.2386;0.2603;9;9;9;9;9;9;9;9;9
pin_1185;0.0115;0.0029;0.0024;0.0044;0.0065;0.0073;0.0068;0.0028;0.0033;0.0038;0.0035;0.0014;10;6;10;10;10;10;10;10;10
pin_569;0.0179;0.1419;0.0649;0.015;0.04;0.0173;0.0792;0.2428;0.27;0.29;0.2882;0.3182;4;4;4;4;4;4;4;4;4
pin_1250;0.0112;0.0033;0.003;0.0072;0.0068;0.0075;0.0072;0.0042;0.004;0.0039;0.0039;0.0017;10;2;10;10;10;10;10;10;10
pin_492;0.0179;0.1444;0.0659;0.0167;0.0441;0.0196;0.0874;0.23;0.2594;0.2894;0.2851;0.3182;4;9;4;4;4;4;4;4;4
pin_300;0.0093;0.0041;0.0032;0.0044;0.0066;0.0061;0.0054;0.0024;0.0039;0.0027;0.0026;0.0031;2;2;2;2;2;2;2;10;10
pin_269;0.0093;0.0054;0.0032;0.0058;0.0066;0.0057;0.0047;0.0029;0.0036;0.0034;0.0036;0.0031;2;2;2;2;2;2;2;10;10
pin_1112;0.0489;0.2315;0.1658;0.0499;0.0817;0.0907;0.1612;0.2254;0.2436;0.2536;0.261;0.3117;9;9;9;9;9;9;9;9;9
pin_982;0.0542;0.1143;0.0796;0.0359;0.0391;0.0415;0.064;0.089;0.0974;0.0871;0.1039;0.2205;7;7;7;7;7;7;7;3;7
pin_1190;0.0119;0.0039;0.0023;0.0054;0.0052;0.0073;0.0071;0.0028;0.0043;0.0052;0.0039;0.0032;10;6;10;10;10;10;10;10;10
pin_311;0.0229;0.1432;0.0835;0.024;0.0403;0.0385;0.0737;0.1405;0.1592;0.175;0.1775;0.1772;3;3;3;3;3;3;3;3;3
pin_196;0.0094;0.005;0.0044;0.0077;0.0056;0.0057;0.0057;0.0034;0.0045;0.0035;0.0046;0.0052;2;2;2;2;2;2;2;10;10
pin_647;0.0603;0.2907;0.2804;0.1534;0.2012;0.257;0.247;0.2544;0.249;0.3074;0.2425;0.2603;5;5;5;5;5;5;5;5;5
pin_441;0.026;0.1322;0.0744;0.0196;0.0365;0.0296;0.0689;0.136;0.1564;0.1694;0.1769;0.178;3;3;3;3;3;3;3;3;3
pin_71;0.1611;0.2948;0.2625;0.1722;0.1802;0.218;0.2889;0.2852;0.2848;0.221;0.2795;0.26;1;1;1;1;1;1;1;1;1
pin_840;0.025;0.3926;0.3168;0.0264;0.0389;0.0801;0.1003;0.1217;0.1457;0.1782;0.197;0.1889;6;6;6;6;6;6;6;6;6
pin_11;0.0981;0.2458;0.2503;0.1776;0.203;0.2196;0.2141;0.2207;0.2159;0.2302;0.2193;0.2461;1;1;1;1;1;1;1;5;1
pin_1010;0.0522;0.1658;0.1218;0.0502;0.0684;0.0892;0.1117;0.1424;0.1515;0.1732;0.1716;0.2595;9;9;9;9;9;9;9;9;9
pin_657;0.0612;0.3029;0.2808;0.1248;0.1662;0.2096;0.2462;0.2527;0.2542;0.2498;0.2704;0.1666;5;5;5;5;5;5;5;5;5
pin_806;0.025;0.3926;0.3168;0.0295;0.0405;0.0828;0.1003;0.1217;0.1457;0.1866;0.197;0.1889;6;6;6;6;6;6;6;6;6
pin_1183;0.012;0.0034;0.0034;0.0049;0.0056;0.0073;0.0065;0.0033;0.0038;0.0059;0.0024;0.0029;10;6;10;10;10;10;10;10;10
pin_958;0.042;0.1331;0.1178;0.0291;0.0391;0.0435;0.0707;0.0833;0.0997;0.0889;0.1028;0.1465;7;7;7;7;7;7;7;3;7
pin_65;0.1611;0.3698;0.3646;0.4208;0.4276;0.442;0.3828;0.3874;0.3598;0.4944;0.3648;0.26;1;1;1;1;1;1;1;1;1
pin_468;0.0203;0.1603;0.0757;0.0216;0.0594;0.0244;0.1032;0.2794;0.3164;0.344;0.3511;0.3196;4;4;4;4;4;4;4;4;4
pin_593;0.0179;0.1494;0.0693;0.0185;0.05;0.0205;0.0832;0.2642;0.2884;0.3356;0.3117;0.3182;4;4;4;4;4;4;4;4;4
pin_532;0.018;0.1495;0.068;0.0155;0.0408;0.019;0.0812;0.2377;0.2758;0.2732;0.2912;0.3156;4;4;4;4;4;4;4;4;4
pin_304;0.0214;0.1325;0.0778;0.0227;0.0407;0.0374;0.0679;0.1298;0.1453;0.1592;0.1656;0.1729;3;3;3;3;3;3;3;3;3
pin_334;0.0214;0.1358;0.0818;0.0236;0.0409;0.0365;0.0696;0.1351;0.1504;0.1712;0.1687;0.1729;3;6;3;3;3;3;3;3;3
pin_1018;0.0432;0.219;0.1639;0.0551;0.0799;0.0754;0.1425;0.2053;0.2194;0.2928;0.2583;0.2999;9;9;9;9;9;9;9;9;9
pin_1188;0.012;0.0036;0.0027;0.0056;0.0074;0.0067;0.0066;0.0036;0.0044;0.0041;0.0041;0.0029;10;6;10;10;10;10;10;10;10
pin_1293;0.013;0.0071;0.0059;0.0062;0.0074;0.0084;0.0085;0.0054;0.0058;0.0073;0.0066;0.0239;10;7;10;10;10;10;10;10;10
pin_816;0.0234;0.3817;0.3048;0.0251;0.0354;0.0722;0.0898;0.1057;0.1301;0.1682;0.1774;0.1841;6;6;6;6;6;6;6;6;6
pin_1245;0.0119;0.004;0.0027;0.0044;0.0063;0.0069;0.007;0.0042;0.0033;0.0043;0.0026;0.0017;10;6;10;10;10;10;10;10;10
pin_653;0.0603;0.3045;0.2841;0.0955;0.145;0.161;0.2196;0.2568;0.2786;0.2886;0.2937;0.2603;5;5;5;5;5;5;5;5;5
pin_1246;0.0113;0.0031;0.0029;0.0055;0.0068;0.0072;0.0066;0.0042;0.0039;0.0054;0.0042;0.0034;10;6;10;10;10;10;10;10;10
pin_299;0.0093;0.0041;0.0032;0.0054;0.0055;0.0048;0.0054;0.0024;0.0039;0.0025;0.0026;0.0031;2;2;2;2;2;2;2;10;10
pin_1264;0.0117;0.0035;0.002;0.0068;0.0064;0.0093;0.0072;0.0046;0.0033;0.0032;0.0023;0.0021;10;6;10;10;10;10;10;10;10
pin_1071;0.0542;0.1804;0.13;0.0333;0.0512;0.0582;0.116;0.2008;0.229;0.226;0.2492;0.2603;9;9;9;9;9;9;9;9;9
pin_320;0.0227;0.1476;0.0835;0.0235;0.0393;0.0367;0.0724;0.1413;0.1522;0.1666;0.1785;0.1804;3;3;3;3;3;3;3;3;3
pin_303;0.0214;0.1358;0.0818;0.0223;0.0399;0.0339;0.0696;0.1351;0.1504;0.1738;0.1687;0.1729;3;3;3;3;3;3;3;3;3
pin_309;0.0229;0.1417;0.0829;0.0198;0.0403;0.0362;0.0743;0.1403;0.1599;0.1698;0.1754;0.1772;3;3;3;3;3;3;3;3;3
pin_558;0.0179;0.1608;0.0749;0.014;0.0459;0.0168;0.0974;0.2727;0.3021;0.3068;0.3288;0.3182;4;4;4;4;4;4;4;4;4
pin_1280;0.0112;0.0034;0.0025;0.0049;0.0069;0.007;0.0067;0.0039;0.0048;0.005;0.0036;0.0017;10;6;10;10;10;10;10;10;10
pin_132;0.1618;0.3255;0.2638;0.123;0.168;0.1946;0.2484;0.2884;0.3047;0.2732;0.3133;0.2682;1;1;1;1;1;1;1;1;1
pin_16;0.0862;0.24;0.2547;0.1914;0.209;0.2238;0.2292;0.2243;0.2187;0.2308;0.2126;0.239;1;1;1;1;1;1;1;5;1
pin_1108;0.0491;0.2281;0.1583;0.0515;0.0821;0.0872;0.1534;0.2691;0.2916;0.2806;0.2963;0.3664;9;9;9;9;9;9;9;4;9
pin_1015;0.0583;0.189;0.1396;0.0495;0.0785;0.079;0.1265;0.2038;0.2236;0.2388;0.2459;0.2661;9;9;9;9;9;9;9;9;9
pin_1292;0.0118;0.0042;0.0029;0.0062;0.006;0.0085;0.0079;0.0045;0.0034;0.0045;0.0032;0.0042;10;6;10;10;10;10;10;10;10
pin_570;0.0179;0.1419;0.0649;0.0173;0.0527;0.021;0.0792;0.2428;0.27;0.3216;0.2882;0.3182;4;4;4;4;4;4;4;4;4
pin_1085;0.0228;0.1443;0.0932;0.037;0.0563;0.0686;0.0829;0.138;0.1501;0.1928;0.1783;0.2064;9;9;9;6;9;3;3;3;3
pin_188;0.0088;0.0051;0.0044;0.0061;0.0068;0.0053;0.0058;0.0032;0.0038;0.0043;0.004;0.003;2;2;2;2;2;2;2;10;10
pin_192;0.0088;0.0048;0.0044;0.0075;0.007;0.0064;0.0065;0.0029;0.0039;0.0041;0.0039;0.003;2;2;2;2;2;2;2;10;10
pin_104;0.1611;0.2741;0.2276;0.08;0.0999;0.126;0.1783;0.2173;0.2208;0.2224;0.2444;0.26;1;1;1;1;1;1;1;1;1
pin_460;0.02;0.1638;0.0782;0.0183;0.0531;0.0216;0.0933;0.2731;0.3091;0.3388;0.3297;0.3195;4;4;4;4;4;4;4;4;4
pin_61;0.1611;0.3075;0.2997;0.4002;0.4252;0.4344;0.3128;0.3046;0.3147;0.4332;0.3029;0.26;1;1;1;1;1;1;1;1;1
pin_439;0.0215;0.1344;0.077;0.0218;0.0399;0.0372;0.0722;0.1427;0.1639;0.1782;0.183;0.1761;3;3;3;3;3;3;3;3;3
pin_939;0.0511;0.1051;0.0997;0.0363;0.0388;0.0516;0.0611;0.0683;0.0746;0.0637;0.0744;0.1019;7;7;7;7;7;7;7;3;7
pin_881;0.0221;0.3997;0.3033;0.0276;0.0401;0.0764;0.0909;0.1132;0.1349;0.1666;0.1819;0.1883;6;6;6;6;6;6;6;6;6
pin_1122;0.0511;0.2195;0.161;0.0443;0.0733;0.0736;0.1462;0.2554;0.2787;0.2912;0.3078;0.2552;9;4;9;9;9;9;9;9;9
pin_785;0.0246;0.4284;0.3309;0.0298;0.0433;0.084;0.1073;0.1266;0.1495;0.1926;0.2075;0.2027;6;6;6;6;6;6;6;6;6
pin_1277;0.0119;0.0031;0.0027;0.0045;0.0061;0.0069;0.0073;0.0042;0.0049;0.0058;0.0037;0.0017;10;6;10;10;10;10;10;10;10
pin_961;0.0415;0.0883;0.075;0.053;0.0466;0.0594;0.0554;0.0734;0.0613;0.078;0.079;0.1075;7;7;7;7;7;7;7;3;7
pin_659;0.0603;0.3045;0.2841;0.0887;0.125;0.1416;0.2196;0.2568;0.2786;0.2756;0.2937;0.2603;5;5;5;5;5;5;5;5;5
pin_83;0.1618;0.3787;0.3593;0.249;0.2918;0.2988;0.4431;0.4063;0.3963;0.3176;0.3865;0.2682;1;1;1;1;1;1;1;1;1
pin_1123;0.0528;0.2138;0.1586;0.0433;0.0739;0.0755;0.1557;0.2579;0.2944;0.3164;0.3022;0.2752;9;9;9;9;9;9;9;9;9
pin_907;0.0414;0.0829;0.0736;0.0343;0.0402;0.0479;0.0552;0.0684;0.0672;0.0644;0.0691;0.1125;7;7;7;7;7;7;7;3;7
pin_916;0.0415;0.0637;0.0528;0.0414;0.0321;0.0372;0.044;0.0511;0.0674;0.061;0.0621;0.1075;7;7;7;7;7;7;7;3;7
pin_1296;0.0118;0.005;0.0035;0.0052;0.0071;0.0075;0.0079;0.0047;0.0049;0.0077;0.0038;0.011;10;6;10;10;10;10;10;10;10
pin_912;0.0414;0.0738;0.0658;0.0201;0.0213;0.0256;0.0489;0.0626;0.0546;0.0392;0.0667;0.1125;7;7;7;7;7;7;7;3;7
pin_253;0.0093;0.0048;0.0021;0.0065;0.0044;0.0049;0.0052;0.0034;0.0041;0.0033;0.0045;0.0031;2;2;2;2;2;2;2;10;10
pin_475;0.0221;0.1571;0.0732;0.0179;0.0441;0.0202;0.0984;0.2821;0.2977;0.2946;0.3187;0.3428;4;4;4;4;4;4;4;4;4
pin_312;0.0229;0.1396;0.08;0.0226;0.0364;0.0333;0.0713;0.1386;0.1583;0.1714;0.1733;0.1772;3;3;3;3;3;3;3;3;3
pin_1077;0.0542;0.1798;0.1284;0.0631;0.0667;0.0711;0.1191;0.1964;0.2179;0.2118;0.2334;0.2603;9;9;9;9;9;9;9;9;9
pin_114;0.1017;0.2767;0.239;0.1272;0.1562;0.1798;0.2048;0.2236;0.2375;0.2552;0.2402;0.2278;1;1;1;1;1;1;1;1;5
pin_413;0.0229;0.1354;0.0769;0.0207;0.0379;0.0319;0.0709;0.1395;0.1577;0.1584;0.1744;0.1772;3;3;3;3;3;3;3;3;3
pin_250;0.0091;0.0051;0.0033;0.0048;0.0063;0.006;0.0058;0.0037;0.0043;0.0038;0.0033;0.0031;2;2;2;2;2;2;2;10;10
pin_743;0.0481;0.2802;0.2662;0.0659;0.096;0.1142;0.212;0.2563;0.2642;0.2656;0.285;0.226;5;5;5;5;5;5;5;5;5
pin_264;0.0091;0.0051;0.0048;0.0073;0.0068;0.0066;0.0049;0.002;0.0032;0.0035;0.0045;0.0036;2;2;2;2;2;2;2;10;10
pin_530;0.018;0.1488;0.0699;0.0196;0.052;0.0256;0.0845;0.2401;0.2585;0.31;0.2787;0.3084;4;4;4;4;4;4;4;4;4
pin_1035;0.051;0.2017;0.1594;0.0585;0.0786;0.133;0.1456;0.1942;0.2099;0.2008;0.2044;0.254;9;9;9;9;9;9;9;9;9
pin_272;0.0093;0.0048;0.0021;0.0065;0.0059;0.0053;0.0052;0.0034;0.0041;0.0033;0.0045;0.0031;2;2;2;2;2;2;2;10;10
pin_884;0.0221;0.3997;0.3033;0.0265;0.0363;0.0733;0.0909;0.1132;0.1349;0.17;0.1819;0.1883;6;6;6;6;6;6;6;6;6
pin_788;0.0246;0.4249;0.3292;0.0297;0.0426;0.0832;0.1037;0.1246;0.1497;0.188;0.2019;0.2027;6;6;6;6;6;6;6;6;6
pin_123;0.1391;0.2664;0.2704;0.1424;0.1766;0.1998;0.2258;0.2225;0.2229;0.2128;0.2114;0.2479;1;1;1;1;1;1;1;1;1
pin_1258;0.0118;0.0045;0.0033;0.0062;0.0072;0.0084;0.0075;0.0037;0.0043;0.0048;0.0052;0.0021;10;6;10;10;10;10;10;10;10
pin_1273;0.0115;0.0035;0.0029;0.0065;0.006;0.0062;0.0072;0.0037;0.0042;0.005;0.0038;0.0045;10;6;10;10;10;10;10;10;10
pin_17;0.0862;0.24;0.2547;0.188;0.2054;0.2272;0.2292;0.2243;0.2187;0.2344;0.2126;0.239;1;1;1;1;1;1;1;5;1
pin_790;0.0246;0.4268;0.3299;0.0286;0.0422;0.0818;0.1018;0.1247;0.1448;0.1854;0.2016;0.2027;6;6;6;6;6;6;6;6;6
pin_1198;0.0119;0.0038;0.0016;0.0054;0.006;0.0078;0.0071;0.0042;0.0043;0.0046;0.0028;0.0032;10;6;10;10;10;10;10;10;10
pin_1165;0.0114;0.0041;0.0019;0.005;0.0061;0.0069;0.0067;0.003;0.0045;0.0046;0.004;0.0031;10;6;10;10;10;10;10;10;10
pin_835;0.0221;0.3945;0.3136;0.0276;0.0376;0.0756;0.0975;0.1124;0.1403;0.1754;0.1905;0.1883;6;6;6;6;6;6;6;6;6
pin_580;0.018;0.1443;0.0624;0.0117;0.0412;0.0177;0.0943;0.2615;0.292;0.2706;0.3152;0.3038;4;4;4;4;4;4;4;4;4
pin_1157;0.012;0.0034;0.0034;0.0044;0.0063;0.0069;0.0065;0.0033;0.0038;0.0061;0.0024;0.0029;10;6;10;10;10;10;10;10;10
pin_352;0.0246;0.1534;0.0933;0.0227;0.0416;0.0373;0.0796;0.1474;0.1642;0.1858;0.1846;0.1799;3;3;3;3;3;3;3;3;3
pin_360;0.0214;0.1381;0.085;0.0215;0.0378;0.0358;0.0722;0.1318;0.1495;0.149;0.1672;0.1729;3;3;3;3;3;3;3;3;3
pin_1150;0.038;0.2265;0.1567;0.0456;0.0742;0.0598;0.1403;0.2712;0.3149;0.3638;0.3272;0.3112;9;4;9;9;9;9;9;4;4
pin_428;0.0215;0.139;0.0811;0.0228;0.0398;0.0361;0.0721;0.1413;0.159;0.175;0.1799;0.1761;3;3;3;3;3;3;3;3;3
pin_443;0.0215;0.1292;0.0733;0.0195;0.0345;0.0319;0.0694;0.1361;0.1536;0.1694;0.1743;0.1761;3;3;3;3;3;3;3;3;3
pin_98;0.1611;0.3155;0.3086;0.2388;0.2822;0.29;0.2824;0.2949;0.2987;0.3248;0.2985;0.26;1;1;1;1;1;1;1;1;1
pin_1057;0.0522;0.1922;0.1371;0.0407;0.0621;0.0581;0.1402;0.2191;0.251;0.2118;0.2489;0.2595;9;9;9;9;9;9;9;9;9
pin_878;0.0233;0.4019;0.3073;0.0276;0.0399;0.077;0.0942;0.1171;0.1392;0.1726;0.1857;0.1978;6;6;6;6;6;6;6;6;6
pin_1133;0.0536;0.1853;0.143;0.0535;0.0756;0.084;0.1097;0.1696;0.19;0.2036;0.2047;0.2921;9;9;9;9;9;9;9;9;9
pin_197;0.0094;0.005;0.0044;0.0062;0.0054;0.0056;0.0057;0.0034;0.0045;0.0036;0.0046;0.0052;2;2;2;2;2;2;2;10;10
pin_394;0.0214;0.1339;0.0749;0.0201;0.0337;0.0313;0.0691;0.1394;0.1546;0.166;0.1738;0.1729;3;3;3;3;3;3;3;3;3
pin_184;0.0088;0.0047;0.0044;0.0094;0.0057;0.0057;0.0061;0.0032;0.0034;0.0038;0.004;0.003;2;2;2;2;2;2;2;10;10
pin_1263;0.012;0.0042;0.0023;0.0058;0.0066;0.007;0.0072;0.005;0.0035;0.0053;0.0047;0.0017;10;6;10;10;10;10;10;10;10
pin_423;0.026;0.1308;0.0769;0.0218;0.0398;0.0323;0.0718;0.1401;0.1587;0.182;0.1778;0.178;3;3;3;3;3;3;3;3;3
pin_572;0.018;0.1443;0.0624;0.0159;0.048;0.0189;0.0943;0.2615;0.292;0.3132;0.3152;0.3038;4;4;4;4;4;4;4;4;4
pin_754;0.0246;0.4284;0.3309;0.0299;0.0434;0.0846;0.1073;0.1266;0.1495;0.1876;0.2075;0.2027;6;6;6;6;6;6;6;6;6
pin_714;0.0627;0.2955;0.2589;0.0962;0.1396;0.162;0.2013;0.2588;0.2669;0.3044;0.2801;0.268;5;5;5;5;5;5;5;5;5
pin_1199;0.0119;0.0038;0.0016;0.0054;0.006;0.0078;0.0071;0.0042;0.0043;0.0046;0.0028;0.0032;10;6;10;10;10;10;10;10;10
pin_176;0.0088;0.005;0.0046;0.0057;0.006;0.0063;0.0062;0.0033;0.0034;0.0037;0.0039;0.003;2;2;2;2;2;2;2;10;10
pin_635;0.06;0.3616;0.3545;0.1456;0.1936;0.2502;0.2795;0.308;0.3028;0.3142;0.3178;0.1845;5;5;5;5;5;5;5;5;5
pin_82;0.1395;0.2558;0.2236;0.131;0.176;0.1848;0.2029;0.2278;0.2342;0.2722;0.2435;0.2411;1;1;1;1;1;1;1;1;1
pin_268;0.0093;0.0063;0.004;0.0072;0.0055;0.0056;0.0048;0.0024;0.0029;0.004;0.0038;0.0031;2;2;2;2;2;2;2;10;10
pin_78;0.1395;0.2956;0.284;0.1516;0.1674;0.2126;0.2669;0.2756;0.2502;0.2326;0.2687;0.2411;1;1;1;1;1;1;1;1;1
pin_898;0.0211;0.382;0.2983;0.0259;0.0361;0.0738;0.0873;0.1054;0.1285;0.159;0.1739;0.179;6;6;6;6;6;6;6;6;6
pin_444;0.0215;0.1344;0.077;0.021;0.036;0.0328;0.0722;0.1427;0.1639;0.1688;0.183;0.1761;3;3;3;3;3;3;3;3;3
pin_885;0.0221;0.3873;0.3008;0.025;0.0335;0.0682;0.0898;0.111;0.1342;0.1634;0.1847;0.1883;6;6;6;6;6;6;6;6;6
pin_819;0.0234;0.3833;0.3146;0.0254;0.0384;0.0722;0.0944;0.1122;0.1373;0.1704;0.1822;0.1841;6;6;6;6;6;6;6;6;6
pin_903;0.0414;0.0916;0.0866;0.0229;0.0222;0.0296;0.045;0.0581;0.0578;0.044;0.0716;0.1125;7;7;7;7;7;7;7;3;7
pin_575;0.018;0.1362;0.0628;0.0138;0.0433;0.0164;0.0854;0.2404;0.2717;0.264;0.2894;0.3038;4;4;4;4;4;4;4;4;4
pin_1073;0.0485;0.1612;0.1219;0.0433;0.0562;0.0521;0.1103;0.1712;0.1934;0.2282;0.2214;0.2834;9;9;9;9;9;9;9;9;9
pin_1020;0.0583;0.2051;0.1607;0.0547;0.0791;0.0832;0.1361;0.2036;0.2164;0.2742;0.252;0.2661;9;9;9;9;9;9;9;9;9
pin_89;0.1092;0.2731;0.2087;0.1112;0.1334;0.1562;0.174;0.2333;0.2472;0.258;0.2659;0.2538;1;1;1;1;1;1;1;1;5
pin_521;0.018;0.1667;0.0797;0.0179;0.0422;0.0187;0.0948;0.2662;0.3193;0.301;0.341;0.3156;4;4;4;4;4;4;4;4;4
pin_734;0.0363;0.2586;0.2163;0.1004;0.1392;0.1584;0.1752;0.2413;0.2455;0.288;0.2659;0.225;5;5;5;5;5;5;5;5;5
pin_936;0.0511;0.0856;0.0792;0.0426;0.039;0.0532;0.0618;0.0612;0.0587;0.0574;0.0622;0.1019;7;7;7;7;7;7;7;3;7
pin_501;0.018;0.148;0.0691;0.0146;0.0482;0.0185;0.0987;0.2589;0.2839;0.3138;0.3181;0.3038;4;4;4;4;4;4;4;4;4
pin_1104;0.0507;0.2318;0.1723;0.0462;0.0786;0.1054;0.1465;0.2802;0.3101;0.3624;0.3257;0.3118;9;9;9;9;9;9;9;4;4
